Algorithm ,True Positives,True Negatives,False Positives,False Negatives,MCC
qlp2_results.csv,"[570, 5, 36, 110, 0.4127825502950947]","[180, 1, 38, 499, 0.12498679515356488]","[121, 8, 79, 511, 0.08457221172219923]","[465, 36, 64, 156, 0.2918322066407172]"
lp3_results.csv,"[658, 8, 33, 22, 0.673969942720215]","[652, 7, 32, 27, 0.6443318721709622]","[600, 41, 46, 32, 0.501375449715085]","[594, 45, 55, 27, 0.5514251044983208]"
qlp3_results.csv,"[68, 2, 39, 612, 0.04006289312060178]","[88, 1, 38, 591, 0.07150208313739424]","[82, 13, 74, 550, -0.01895199782329422]","[95, 5, 95, 526, 0.10297906602254428]"
